Title + Content,Target
Cifras verdes * llave programa planeación ciudad inteligente verde bicicleta haber recuperar relevancia proyecto urbano.,Economy
China sufrir exceso leche mercado leche China enfrentar situación complicado exceso oferta bajo demanda pérdida millonario.,Economy
BdeM recortar tasa cuarto punto anticipar encuesta Analistas económico consultado Citibanamex anticipar nuevo recorte 0.25 punto porcentual tasa interés referencia Banco México BdeM reunión próximo semana estimar ubicar 10 ciento cierre 2024.,Economy
HR Ratings bajo previsión crecimiento 1.4% México 2024 agencia calificadoro ver ambiente incertidumbre cambio administración reforma AMLO también recortar pronóstico 2025.,Economy
Reserva Federal EU ya no ser referente política monetario global banco central país realizar serie movimiento tasa interés semana encabezado Reserva Federal Estados Unidos Fed miércoles recortar tasa referencia primero vez 2020.,Economy
Afores ganar $ 8.359 mdp gestionar ahorro trabajador ganancia obtener Administradoras Fondos Retiro Afore primero ocho mes 2024 cuidar recurso pensionario millón mexicano aumentar 32 ciento manera anual cifra cierre agosto pasado revelar dato oficial.,Economy
RappiCard alcanzar 5.107 millón pesos cartera crédito empresa resaltar partir estrategia ser ofrecer proceso solicitud aprobación solo dos minuto entrega tarjeta físico 30 minuto.,Economy
Orlando Delgado Selley Balance desafío haber llegar final primero administración federal 4t. ser posible hacer balance ponderado funcionamiento economía balance necesario además establecer base plantear desafío enfrentar nuevo administración periodo gobierno particularmente primero año supuesto primero cuestión ser sexenio AMLO economía mexicano enfrentar crisis derivado covid afectar país diferente medida.,Economy
alistar inauguración Museo Vivo Muralismo día final gobierno presidente Andrés Manuel López Obrador concluir obra restauración rehabilitación mantenimiento Museo Vivo Muralismo MVM prever inaugurar semana edificio histórico Secretaría Educación Pública SEP reconocido patrimonio mundial Organización Naciones Unidas Educación Ciencia Cultura Unesco.,Economy
desempleo Alemania aumentar más previsto Berlín número desempleado Alemania aumentar más previsto septiembre nuevo señal reto enfrentar mayor economía Europa.,Economy
Acierto SAT auditoría grande causante analista fiscalizar primero grande contribuyente ahí hacer él resto causante ser estrategia más exitoso Servicio Administración Tributaria SAT evitar ingreso sustentar erario cayerar administración.,Economy
Concentra manufactura flujo inversión extranjero enero 2023 septiembre 2024 sector privado realizar 575 anuncio inversión México más 170 mil 644 millón dólares revelar dato actualizado Secretaría Economía SE.,Economy
Pemex envíar combustible Refinería Olmeca India Petróleos Mexicanos Pemex enviar mes primero cargamento combustible nuevo refinería Olmeca India señal progreso después múltiple retraso costo espiral dato embarque fuente industria.,Economy
David Márquez Ayala Reporte económico múltiple logro     administración ahora terminar producción alimento avance autosuficiencia no ser desafortunadamente producción cuatro grano básico alimentación mexicano maíz trigo frijol arroz ascender 2023 31.9 millón tonelada apenas 1.0% producción 2018 Gráfico 1 producto periodo producción maíz aumentar 1% trigo 18.1 decreceír frijol 38.3% arroz 11.2%.,Economy
sufrir rechazo Alemania reserva Italia posible fusión UniCredit Commerzbank Milán jefe banco italiano UniCredit Andrea Orcel participar viernes reunión virtual representante alemán Commerzbank convertir él mayor inversor privado prestamista alemán informar Reuters fuente conocedor asunto.,Economy
2026 Petróleos Mexicanos requerir 19 mil millón dólares gobierno federal Petróleos Mexicanos Pemex requerir gobierno federal 19 mil millón dólares 2026 cubrir necesidad efectivo operativo pago deuda asegurar Roxana Muñoz vicepresidenta analista senior calificadoro Moody’s.,Economy
compra maíz Estados Unidos incrementar 23% sexenio contexto producción grano básico haber estancar administración presidente Andrés Manuel López Obrador terminar incremento aproximadamente 23 ciento volumen importación maíz Estados Unidos.,Economy
cet dos año reducir rendimiento dígito anticipar recorte Banxico Todos plazo Cetes reducir ganancia plazo dos año ofrecer tasa más bajo 9.92% espera Banxico hacer nuevo recorte.,Economy
Mercado Pago recibir financiamiento JP Morgan apoyar Pymes mexicano plataforma lograr acuerdo banco inversión 250 millón dólares apoyar pequeño negocio país.,Economy
jubilación digno complicar vez más mexicano quinto parte empleado país contemplar jubilar él 66 año más 86% admitir ahorrar menos deber hacer él actualidad.,Economy
24% crédito hipotecario ser cofinanciar Infonavit Fovissste Asociación Bancos México decir enero julio año 16.100 crédito haber dar banca haber tener cofinanciamiento instituto trabajador.,Economy
CNBV buscar regular report ciberseguridad regulador buscar empresa ofrecer servicio financiero deber homologar criterio reportar haber ser víctima ataque cibernético.,Economy
imperio bicicleta recuperar terreno Pekín Pekín recién llegado Pekín poder tener paranoia confundido certeza ser atropellar más temprano tardar auto bicicleta motocicleta triciclo poder dar él empujón dejar él costado acera sobar él raspón risa asombro buscar curita tienda conveniencia.,Economy
Gasolina Magna ir segundo semana subsidio semana 14 20 septiembre consumidor pagar 6.1752 pesos Impuesto especial Producción Servicios IEPS litro gasolina regular.,Economy
sict entregar 549 obra carretero programa carretero echar andar administración presidente Andrés Manuel López Obrador beneficiar 55 millón habitante forma directo además 549 obra realizado representar 227 mil 464 millón pesos ser casi ciento producto interno bruto PIB informar Jorge Nuño Lara titular Secretaría Infraestructura Comunicaciones Transportes SICT.,Economy
Economía país transitar crisis & # 160;,Economy
Déficit finanza público ser menor previsto SHCP primero ocho mes año balance presupuestario observar déficit 897 mil 874 millón pesos monto ser menor respecto programado deuda mantener nivel sostenible decir Secretaría Hacienda Crédito Público SHCP.,Economy
ser mercancía más importar México exterior país más comprar México ser Estados Unidos representar casi 43% total importación seguido China 20% Japón 3%.,Economy
Banqueros esperar ley secundario reforma judicial dar certidumbre aprobación reforma Poder Judicial   banquero esperar ley secundario afinar detalle permitir reforma exitoso.,Economy
endeudamiento mexicano exterior representar 35% PIB Banco México Banxico dar conocer segundo trimestre año reducir endeudamiento mundo 42% reportado primero trimestre.,Economy
Hacienda extender octubre plazo pago impuesto Pemex día concluir gestión presidente Andrés Manuel López Obrador Secretaría Hacienda Crédito Público SHCP extender final octubre plazo pago derecho utilidad compartido DUC deber realizar Petróleos Mexicanos Pemex correspondiente agosto finalidad empresa estatal contar liquidez.,Economy
Carlos Slim criticar sistema pensión México pedir combatir pobreza hombre más rico México decir recurso recibir actualmente mayor 65 año deber usar él sacar 6 millón persona pobreza extremo.,Economy
Volkswagen negociar sindicato después explosivo anuncio Volkswagen poder cerrar fábrica Alemania primero vez dirección empresa sindicato iniciar tenso conversación nuevo acuerdo salarial empresa haber subrayar repetidamente coste ser excesivo margen beneficio demasiado bajo especialmente marca principal.,Economy
Revolut planear operar primero mes 2025 Juan Guerra director general firma decir esperar arrancar operación siguiente año cuenta débito nivel 4 transferencia internacional.,Economy
gobierno Sheinbaum necesitar nuevo política atraer inversión Consumada desaparición proméxico esfuerzo atraer inversión extranjero dividir especialista cuestionar ente líder poder lograr él aún más.,Economy
papel economía bienestar gobierno moderno economía bienestar priorizar salud felicidad persona colocar valor nivel incluso encima indicador económico tradicional PIB.,Economy
Fitch S&P descartar degradar calificación México reforma judicial agencia calificadora ver finanza sólido esperar prudencia fiscal Claudia Sheinbaum.,Economy
Mercado Pago hacer oficial presentar solicitud ser banco digital cuenta digital buscar aprobación licencia bancario Comisión Nacional Bancaria Valores ofrecer servicio banca múltiple.,Economy
experto mayor desastre ecológico Riviera Maya mina Sac-Tun antes conocido Calica propiedad Vulcan Materials ser mayor desastre ecológico ” Riviera Maya más tres década extraer material exportar barco Estados Unidos acuerdo especialista gobierno mexicano.,Economy
Mexicana presentar avión Embraer sumar flota 2025 Zumpango Méx fin consolidar él industria transporte aéreo nacional Mexicana Aviación aerolínea Estado mexicano presentar avión Embraer E195-E2 modelo adquirir 20 unidad aerolínea empezar recibir partir mayo 2025.,Economy
plan sustituir importación Asia nearshoring tornar difícil primero siete mes año importación México Asia alcanzar 141.219 millón dólares China representar 51% total.,Economy
EU prohibir software hardware chino vehículo Washington Departamento Comercio Estados Unidos proponer lunes prohibir software chino vehículo conectado autónomo carretera país debido preocupación seguridad nacional decir fuente Reuters.,Economy
,Economy
EU pedir implementación riguroso plan certificación aguacate México venta aguacate mexicano Estados Unidos haber disparar 48% 2019 alcanzar valor más 3.000 millón dólares año pasado.,Economy
gasolina diésel ir primero mes subsidio Brindar menor estímulo haber permitir recaudar mayor ingreso secretaría Hacienda enero agosto año haber recaudar 82% más dinero IEPS combustible.,Economy
León Bendesky ejemplo escritor inglés H.G. Wells apuntar Historia supervivencia depender carrera educación catástrofe idea ser adecuar reflexionar cuestión hoy ser relevante persistente violencia haber mundo bien incapacidad humanidad contener degradación medio ambiente.,Economy
Denuncian competencia desleal ambulant compraventa divisa centro cambiario pequeño establecimiento comprar vender moneda equivalente 10 mil dólares enfrentar competencia desleal entidad ambulante realizar actividad acuerdo asociación representar sector.,Economy
México expropia minero Calica empresa estadunidense impugnacer firma estadunidense Vulcan Materials anunciar ir impugnar legalmente decisión gobierno mexicano anunciado lunes noche expropiar terreno mina Calica Quintana Roo.,Economy
peso mexicano mantener 20 unidad dólar aprobación reforma judicial baja inflación EU moneda apreciar 1.48% frente 20.09 unidad dólar reportada cierre martes.,Economy
anuncio inversión México sumar 59.900 mdd primero nueve mes 2024 Secretaría Economía identificar 197 anuncio público enero septiembre Estados Unidos encabezar anuncio.,Economy
Sheinbaum reúnir directivo danesa Helax presidenta electa Claudia Sheinbaum reunir ayer integrante empresa danés Helax desarrollar proyecto hidrógeno verde inversión 10 mil millón dólares parte polo bienestar Istmo Tehuantepec.,Economy
China recortar tasa interés impulsar economía interés préstamo año concedido institución financiero reducir 2.3 2% informar banco central.,Economy
Claudia Sheinbaum recibir economía tocado incertidumbre paquete 20 reforma presentar AMLO febrero año amenazar limitar crecimiento potencial México.,Economy
haber mayor brecha salarial género México Banxico realizar análisis brecha salarial género región México resultado demostrar norte ser haber mayor diferencia remuneración hombre mujer.,Economy
retraso ferrocarril México-EU afectar suministro agrícola Chicago retraso transporte ferroviario estar perturbar comercio exportación Estados Unidos México obstaculizar cadena suministro agrícola pleno cosecha otoño boreal denunciar ayer organización agrario.,Economy
terminar semana peso pérdida ciento peso cerrar retroceso ciento semana marcado anuncio política monetario banco central Estados Unidos también afectado cautela inversionista aguardar anuncio Banco México próximo semana.,Economy
estancar producción grano   sexenio producción grano oleaginosa México haber incrementar 37 ciento entrada vigor Tratado libre Comercio América Norte TLCAN actualmente Tratado México Estados Unidos Canadá T-MEC fecha embargo sexenio crecimiento haber estancar revelar dato oficial.,Economy
Seguridad energético amenazado nivel mundial tensión geopolítica WEF transición energético nivel global observar avance particular economía desarrollado así China Brasil no obstante equidad haber retroceder tensión geopolítica causar incertidumbre seguridad energético revelar informe Foro Económico Mundial WEF sigla inglés.,Economy
inversión extranjero caer estado más “ atractivo ” nearshoring falta energía eléctrico escasez agua mano obra además infraestructura rebasado transporte poner freno decisión inversión.,Economy
Traspié peso espera recorte tasa BdeM peso mexicano debilitar frente dólar miércoles víspera anuncio política monetario Banco México BdeM.,Economy
servicio salud 50.4 millón mexicano afirmar Coneval México 50.4 millón persona carecer acceso servicio salud representar 39.1 ciento población destacar Alida Marcela Gutiérrez Landeros coordinadora general análisis pobreza Consejo Nacional Evaluación Política Desarrollo Social Coneval.,Economy
Banxico sólo tener espacio hacer recorte 25 punto analista considerar banco central deber tener cautela bajar tasa periodo volatilidad descartar hacer recorte 50 punto hacer Reserva Federal.,Economy
Gustavo Gordillo III Justicia anillo poder haber mayoría tener haber minoría ser minoría existencia político constituir régimen mayoría.,Economy
impulsar CRE infraestructura auto eléctrico disposición administrativo materia electromovilidad emitido Comisión Reguladora Energía CRE no sólo impulsar desarrollo infraestructura uso automóvil eléctrico híbrido también ordenamiento Sistema Eléctrico Nacional SEN acuerdo regulador.,Economy
China campo batalla Apple Huawei nuevo teléfono alto gama nuevo modelo Apple Huawei salir venta manera simultáneo viernes China usuario hacer larga fila adquirir dispositivo alto gama dos marca competir mercado chino más grande importante ambos compañía.,Economy
empresa EU reactivar anuncio inversión confíar Sheinbaum detener anuncio importante inversión reforma judicial American Society of Mexico informar próximo fecha retomar cautela.,Economy
BMV ganar 1.1% semana peso perder 28 centavo peso revertir ganancia inicial día después impulso registrado anuncio Banco México recortar tasa interés.,Economy
Pemex requerir 50.200 mdd tres primero año Sheinbaum prever Moody's apoyo gobierno calificación real Pemex ser Ca es decir 80% incumplimiento compromiso financiero.,Economy
Silvia Ribeiro * Ayotzinapa impunidad olvido saber paradero justicia tortuoso camino encubrimiento impunidad cumplir 26 septiembre 10 año desaparición forzado 43 estudiante escuela normal Raúl Isidro Burgos Ayotzinapa asesinato seis persona tres estudiant.,Economy
recaudar SAT seis año 3.5 billón pesos sexenio estar concluir Servicio Administración Tributaria SAT recaudar 3.5 billón pesos auditoría promoción cumplimiento representar 2.3 billón pesos más sexenio anterior crecimiento real 120.2 ciento agosto año.,Economy
Infonavit manejar 2.4 billón pesos activo Carlos Martínez fondo instituto haber aumentar aumento salarial mayor aportación patronal fiscalización empresa programa regularización crédito.,Economy
Desequilibrio balanza comercial acumular 10 mil 438 mdd agosto balanza comercial país observar agosto 2024 déficit 4 mil 868 millón dólares dinamismo explicar retroceso ciento exportación frente igual periodo año anterior informar Instituto Nacional Estadística Geografía Inegi.,Economy
no haber inconstitucionalidad cobro SAT empresa Salinas Pliego AMLO resolución dos expediente presunto evasión fiscal empresa Ricardo Salinas Pliego monto 35 mil millón pesos presidente Andrés Manuel López Obrador considerar Suprema Corte Justicia Nación ya no poder involucrar él fondo litigio toda vez instancia correspondiente confirmar existir adeudo fiscal firma Servicio Administración Tributaria no haber posible interpretación inconstitucionalidad.,Economy
eliminación subsidio gasolina impedir baja precio medida disminución estímulo fiscal obedecer más necesidad incrementar recaudación impuesto reducir déficit fiscal considerar especialista.,Economy
Banxico ejecuto nuevo recorte tasa 10.5% banco central hacer segundo recorte consecutivo tasa referencia contexto menor inflación.,Economy
ser Antonio Martínez Dagnino jefe SAT gobierno Sheinbaum Antonio Martínez Dagnino llegar jefatura SAT octubre 2022 luego Raquel Buenrostro pasar tomar liderazgo Secretaría Economía.,Economy
ser poco probable México perder grado inversión Moody's agencia señalar mayor déficit fiscal absorber deuda Pemex bajo crecimiento sí poder impactar calidad crediticio.,Economy
OCDE ajustar baja previsión PIB México acuerdo organismo economía mexicano crecer 1.4% año 0.8% menos previsión anterior.,Economy
Recorte Fed dar margen maniobra Banco México decisión política monetario banco central estadounidense Banxico tener oportunidad mantener amplio diferencial tasa asegurar analista.,Economy
,Economy
Tribunal dar 5 día X validar representante legal Brasil Río Janeiro red social X nombrar representante legal Brasil exigencia volver funcionar país seguir suspendido cumplir requisito judicial Tribunal Supremo Brasil dar plataforma social X propiedad Elon Musk cinco día presentar documento validir nuevo representante legal país mostrar sábado decisión judicial.,Economy
auditoría dar ingreso 3.5 billón pesos SAT recurso 1426 billón pesos obtener auditorías grande contribuyente informar fisco.,Economy
Ciudades globo vivir burbuja inmobiliario estudio Miami Tokio Zúrich encabezar lista ciudad mayor riesgo burbuja inmobiliario nivel mundial debido elevado amenaza mercado vivienda revelar UBS Global Real Estate Bubble Index 2024.,Economy
Mexico necesitar política industrial acordar economía actual IMCO centro investigación apuntar último 20 año valor agregado producción exportación manufacturero haber estancar.,Economy
Búsqueda segundo empleo disparar entidad Morelos encabezar México dentro población subocupado 328.971 persona estar condición búsqueda trabajo adicional indicar cifra Inegi segundo trimestre 2024.,Economy
Calica no haber expropiación aplicar defensa territorio AMLO “ no haber expropiación ” banco material explotar gigante minero Vulcan Materials costa Quintana Roo aseverar presidente Andrés Manuel López Obrador.,Economy
impacto nearshoring tendencia laboral MetLife México escasez talento calificado importancia beneficio competitivo necesidad cultura organizacional sólido ser principal desafío enfrentar empresa ,Economy
México registrar déficit comercial 4.868 mdd agosto exportación mexicano caer 1% importación crecer 5.7% acuerdo Inegi.,Economy
Banqueros pedir evitar arbitraje regulatorio licencia bancario presidente ABM decir producto ofrecer institución financiero deber tener regulación igual mantener incentivo inversión país.,Economy
Slim criticar dinero gastar jubilado pedir combatir pobreza hombre más rico México decir recurso recibir actualmente mayor 65 año deber usar él sacar 6 millón persona pobreza extremo.,Economy
Lactalis reducir casi 10% adquisición leche Francia grupo Lactalis líder mundial sector lácteo anunciar reducir final año volumen leche recogido granja francés destinado mercado internacional centrar él producto vendido Francia.,Economy
México ir facilitar respaldar inversión EU Marcelo Ebrard luego aprobar reforma judicial próximo secretario Economía reviveír postear video red social decir integración dos economía avanzar paso acelerado.,Economy
Trump amagar arancel 100% auto entrir frontera México candidato presidencial decir único manera librar cuota ser querer construir planta Estados Unidos.,Economy
Proyecto ministro Pérez Dayán impedir UIF bloquear cuenta bancario lavado ministro Alberto Pérez Dayán proponer endurecimiento requisito Unidad Inteligencia Financiera UIF poder asegurar cuenta bancario titular ser sospechoso operación lavado dinero.,Economy
Enrique Galván Ochoa Dinero presidenta República     tomar posesión próximo martes Claudia Sheinbaum Pardo asistir congreso nacional Morena decir no ser partido Estado haber distancia pedir abdicar título jefa partido ya ser jefa Gobierno jefa Estado comandanta suprema fuerza armado organización guindo enarbolacer bandera 4t. ser fundar presidente Andrés Manuel López Obrador haber anunciar mil vez retirar quinta Palenque asegurar llevar vida aislamiento política político incluso no recibir amigo dos círculo más íntimo ser elegir dirigir formalmente partido Luisa María Alcalde presidenta Andrés Andy López Beltrán secretario Organización serán ojo voz.,Economy
Pekín recortar tasa estimular economía Pekín Banco Central China anunciar ayer nuevo medida impulsar economía recorte tasa interés incluir referencia hipotecaria así reducción depósito banco deber mantener reserva.,Economy
primero vez 2 año tasa Cetes bajo 10% después casi dos año ofrecer rendimiento anual doble dígito tasa interés Certificados Tesorería Federación Cetes haber caer debajo 10 ciento analista indicar mercado anticipar Banco México BdeM reducir tasa referencia próximo jueves línea Reserva Federal Estados Unidos.,Economy
Condusef alertar suplantación identidad 24 financiera Veinticuatro institución debidamente constituido haber reportar suplantación identidad cometer fraude usuario.,Economy
tomar cuenta semana iniciar dar conocer report inflación venta menudeo indicador actividad económico balanza comercial anuncio política monetario.,Economy
México impugnacer fallo determinar pago 37 mdd Odyssey Marine Exploration empresa estadounidense ganar arbitraje internacional México considerar Semarnat negar arbitrariamente permiso proyecto minero marino Baja California Sur.,Economy
José Antonio Rojas Nieto economía Estados Unidos cuarto apreciadísima doctoro     Edith Klimovsky Barón profesora distinguido UAM Azcapotzalco presentar reciente congreso Economía Matemática Tlaxcala ponencia plantear Edith dixit eje determinar mostrar relación salario beneficio relación fundamental Clásicos evidente Marx duda pesar – Neoclásicos.,Economy
Ocupa México séptimo lugar adopción inteligencia artificial México ser país adoptante inteligencia artificial IA índice 46.85 punto colocar séptimo posición 19 encontrar incorporar tecnología informar Comisión Económica América Latina Caribe Cepal.,Economy
Claudia Sheinbaum reunir empresario Estados Unidos octubre medio voz empresarial decir inversión haber detener reforma judicial Marcelo Ebrard anunciar asistencia próximo presidenta México CEO Dialogue.,Economy
Enrique Dussel Peters * China desarrollo través política industrial enfatizar   colaboración 11 septiembre año profundo competencia Estados Unidos China liderazgo tecnológico global haber ser impensable todavía hacer dos década principios siglo xxi lema “ China barato ”.,Economy
abrir banco 1 octubre decir calendario CNBV 1 octubre Claudia Sheinbaum tomar posesión primero presidenta México implicar suceso trascendencia nacional mayoría empleado descansar.,Economy
inflación cede Banxico enfrentar más reto bajar tasa interés volatilidad tipo cambio generado avance reforma judicial representar freno banco central   bajar tasa interés referencia.,Economy
sofipo ver oportunidad figura pesar migración bancario Asociación Mexicana Sofipos AMS considerar nuevo regulación institución poder seguir crecer ayuda regulación tecnología.,Economy
SAT obtener 191.506 mdp eficiencia recaudatorio 2024 mayor eficiencia recaudatorio deber principalmente programa Cumplimiento Obligaciones Vigilancia Profunda Cobranza Coactiva.,Economy
sexenio AMLO banca ganar más un billón pesos largo sexenio presidente Andrés Manuel López Obrador conjunto banco privado operar país haber ganar poco más un billón pesos resultado histórico colocar sector mejor ser gobierno Cuarta Transformación afirmar especialista.,Economy
AMLO México consolidar principal socio EU administración presidente Andrés Manuel López Obrador AMLO primero vez historia México convertir consolidar principal socio comercial Estados Unidos mayor potencia económico mundo embargo decir especialista futuro cercano aún quedar reto importante ejemplo definir relación gigante mundial China revisión T-MEC instrumento potenciar relación.,Economy
Yorio dejar cargo subsecretario Hacienda adelantar Bloomberg News funcionario dejar puesto ocupar Secretaría Hacienda Crédito Púbico 2019 dependencia indicar Expansión no tener información respecto.,Economy
Banxico mantener prudencia cerrar año tasa 10% analista considerar mensaje banco central ser más laxo decisión agosto esperar haber dos recorte más 25 punto base.,Economy
Banco Mundial lograr récord 56.000 mdd inversión CFI ejercicio financiero finalizar julio 2025 Banco Mundial buscar centrar esfuerzo infraestructura particularmente carretera transporte.,Economy
gasto consumidor EU aumentar agosto inflación desacelerir gasto consumidor seguir apoyar él ganancia salarial aún sólido pesar mercado laboral haber ralentizar considerablemente.,Economy
Peligra economía México Trump ganar cumplir arancel Moody's agencia calificadoro anticipar economía mexicano sufrir recesión 2025 mayor inflación.,Economy
no ser T-MEC ser tratado comercial aguardar Ebrard México tener potencial ampliar diversificar exportación menos cinco tratado además tener Estados Unidos Canadá.,Economy
reserva internacional alcanzar marca histórico reserva internacional cerrar semana concluir 20 septiembre saldo 226 mil 465 millón dólares incremento 356 millón dólares relación semana precedente revelar Banco México BdeM.,Economy
Confirma Sheinbaum salido Gabriel Yorio Subsecretaría Hacienda subsecretario Hacienda Gabriel Yorio González no repetir cargo próximo sexenio así confirmar próximo titular Ejecutivo federal.,Economy
Banxico proyectar apogeo nearshoring México 2026 2030 encuesta Banco México 41.3% empresa consultado estimar mayor beneficio proceso relocalización dar periodo.,Economy
Confía sector empresarial remontar pronóstico crecimiento Consejo Coordinador Empresarial CCE confiar economía mexicano superar pronóstico crecimiento apuntar desaceleración.,Economy
Economía mexicano crecer 0.6% julio actividad primario encabezar crecimiento económico país séptimo mes año.,Economy
Moody's prever reforma judicial debilitir calidad crediticio México cambio sistema judicial perjudicarir futuro inversión nearshoring decir agencia calificadoro.,Economy
Fed baja tasa medio punto porcentual aducir confianza control inflación responsable política monetario prever tipo referencia Reserva Federal caer medio punto porcentual final año.,Economy
ser innecesario reforma fiscal siguiente sexenio presidente Andrés Manuel López Obrador asegurar no ser necesario reforma fiscal futuro mantener fórmula combate corrupción política austeridad republicano.,Economy
cotizar peso prácticamente cambio espera recorte tasa BdeM ahora incógnita política monetario México ser recorte tasa referencia cuarto medio punto porcentual Banco México BdeM despejar jueves tanto peso mexicano operar ayer cautela.,Economy
Instituciones crédito incertidumbre Reforma Judicial decir Moody’s pequeño mediano empresa enfrentar desaceleración crédito dada falta certeza jurídico institución financiero no bancario.,Economy
Comce esperar inversión 48.000 mdd pese reforma judicial presidente Consejo Empresarial Mexicano Comercio Exterior destacar prever Inversión Extranjera Directa cerrar 2024 40.000 millón dólares 11% más respecto 2023.,Economy
déficit fiscal México crecer 54% agosto superar billón pesos Secretaría Hacienda Crédito Público destacar Requerimientos Financieros Sector Público sumar 1109 billón pesos.,Economy
mercado tableta buscar conquistar diseñador creativo melómano Lenovo Huawei presentar nuevo tableta mercado mexicano coincidencia apostar conquistar creativo.,Science and technology
Microsoft usar energía nuclear alimentar Inteligencia Artificial acuerdo Microsoft Constellation Energy permitir reactivar unidad planta nuclear Three Mile Island cubrir creciente necesidad energético.,Science and technology
Brasil desbloquear cuenta Starlink X transferencia 3 mdd juez Supremo Tribunal decir levantamiento ordenar cantidad transferido arca Brasil alcanzar total X deber país concepto multa.,Science and technology
caso FTX rol Caroline Ellison fraude pasar 2 año preso exdirectora Alameda Research fondo cobertura personal Bankman-Fried también deber pagar multa 11.000 mdd.,Science and technology
IFT pedir 1.680 mdp presupuesto pese reforma eliminar autónomo regulador asegurar partida solicitar Hacienda ser ser aprobar año incluso más bajo tomar cuenta inflación.,Science and technology
AMLO buscar convertir CFE Telecom empresa público iniciativa reforma querer CFE TEIT ser principal compañía proveer internet país respecto competidor cambiar estatus estatal pública.,Science and technology
Amazon Prime MGM Studios unir MPA empresa entretenimiento unir Netflix Paramount Pictures.,Science and technology
Amazon lanzar nuevo bot ayudar crecer venta empresa dar conocer Amelia obtener dato venta inventario negocio estar plataforma.,Science and technology
PlayStation lanza edición limitado aspecto noventero consola evocar aspecto primero equipo lanzado Sony 1994 formar parte celebración 30 año.,Science and technology
IA decidir ser no apto trabajo hacer ver ia sí haber demostrar poder ser aliada espacio aplicar sesgo poder presentar aún ser inconveniente.,Science and technology
Mira Murati CTO OpenAI dejar empresa 2024 haber ser año complicado startup Inteligencia Artificial ejecutivo fundador haber renunciar.,Science and technology
funcionar canje teléfono Mercado Libre Mercado Libre lanzar nuevo programa llamado Trade smartphón poder canjear antiguo celular modelo nuevo.,Science and technology
UE ahora ir empresa videojuego después tener foco torno big tech organismo regulador buscar esclarecer práctica compañía Fortnite.,Science and technology
dar Apple iphonir abonar compra nuevo programa Trade recibir equipo iphone 2020 15 Pro Max bonificación máximo 20.000 pesos.,Science and technology
Oracle construir centro hyperscalar nuevo León ser funcionar Samuel García gobernador estado resaltar proyecto estar enfocado ayudar empresa entidad eficientizar proceso informático.,Science and technology
Google salir multa antimonopolio 1.670 mmd caso comenzar supuesto dominio anticompetitivo empresa mercado publicidad línea.,Science and technology
caso caliente TV anunciar apuesta transmitir Champions League compañía haber entrar ‘ guerra streaming deportivo ’ captar parte nicho mercado consolidar principal negocio apuesta.,Science and technology
Intel Amazon firmar acuerdo comercial mercado recibir bien empresa tecnología trabajar conjunto coinversión diseño chip personalizado negocio nube big tech AWS.,Science and technology
Alerta sísmico llegar teléfono próximo 19 septiembre IFT Telcel AT&amp;T Telefónica Bait comenzar enviar notificación emergencia   sismo huracán inundación celular.,Science and technology
OpenAI creer junta seguridad capaz detener nuevo lanzamiento empresa buscar mejorar proceso protección confianza transparencia medio búsqueda nuevo ronda financiación multimillonario.,Science and technology
e-commerce chino conquista bolsa valor dueño Alibaba Temu JD conquistir e-commerce mundo diversificar negocio.,Science and technology
escritura manual código tener día contado vaticinar CEO NVIDIA Jensen Huang explicar 32.000 ingeniero software estar acompañado 100 vez más asistente digital 24 hora día 7 día semana.,Science and technology
Nintendo The Pokémon Company demandar creador Palworld empresa japonés iniciar acción legal contra Pocketpair debido infracción patente desarrollar llamado “ Pokémon arma ”.,Science and technology
resultado tercer censo jaguar México ser alentador primero resultado tercer censo México jaguar ser alentador puesto mayoría 24 sitio analizado 19 estado país población felino más grande América mantener haber incrementar mayoría sitio haber más jaguar ” destacar Gerardo Ceballos González líder Alianza Nacional Conservación Jaguar.,Science and technology
Científicos descubrir coral ser capaz retener microplástico Madrid nuevo técnica detección microplástico descubrir tres parte anatomía coral mucosidad superficial tejido esqueleto contener clase desecho artificial.,Science and technology
Meta emparejar OpenAI Google carrera IA evento Meta Connect Mark Zuckerberg presentar innovación sector presentar usuario próximo mes.,Science and technology
televisaunivision nombrar nuevo CEO exdirectivo Google tratar Daniel Alegre sustitución Wade Davis   contar amplio experiencia empresa tecnología trabajar comunidad hispano EU México América Latina.,Science and technology
,Science and technology
medio crisis industria gaming buscar nuevo modelo negocio despido haber marcar año videojuego especialista apuntar ser nuevo oportunidad diversificar contenido creador independiente.,Science and technology
Uber Didi operar sitio AICM pese restricción usuario continúar pedir servicio taxi aplicación Uber apuntar continuar operar regularidad.,Science and technology
Malware Android permitir retirar dinero cajero automático NGate clonar dato NFC tarjeta pago retransmitir atacante emular tarjeta original realizar retiro dinero cajero automático.,Science and technology
crear diario personal IA WhatsApp inteligencia artificial WhatsApp Meta AI poder aprovechar él realizar simplificar tarea aquí explicir crear diario personal ,Science and technology
Amazon agregar PayPal método pago pedido Comprar Prime nuevo opción estar disponible usuario realizar compra sitio web tercero membresía Prime.,Science and technology
Netflix Prime Video Amazon lideran queja streaming agosto año ambos empresa recibir inconformidad parte usuario cobro indebido alteración precio asegurar Profeco Expansión través transparencia.,Science and technology
líder tecnológico   acudir Casa Blanca hablar IA CNN Funcionarios alto rango líder tecnológico dar cita hablar recurso energético infraestructura necesario impulsar herramienta.,Science and technology
identidad digital industria financiero defensa arma biometría criptografía reducir riesgo suplantación identidad también abrir nuevo riesgo no hacer adecuadamente.,Science and technology
ser funcionar nuevo categoría Canales WhatsApp nuevo organización directorio Canales WhatsApp pretender hacer más sencillo navegación usuario.,Science and technology
ser audiencia querer conquistar iphone 16 Apple ser consciente usuario iphonar 15 difícilmente ir renovar smartphone haber segmento poder seducir.,Science and technology
ser juegos gratis PlayStation Plus octubre 2024 Sony presentar catálogo videojuego llegar suscripción partir estar disponible.,Science and technology
WhatsApp dejar funcionar celular partir febrero 2025 app mensajería actualizar año año implicar dispositivo quedar obsoleto funcionamiento.,Science and technology
Telmex suspender atención queja Centros servicio Culiacán Sindicato Telefonistas decir debido enfrentamiento armado entidad decidir no abrir tienda centro trabajo resguardar integridad técnico.,Science and technology
IA ayuda industria ahorrar 35.000 dólares hora través sensor software IA empresa Tractian haber lograr rastrear sonido máquina interpretar él posible falla técnico.,Science and technology
Intel nuevo objeto deseo industria tech empresa pionerar industria chip haber ser objeto nuevo rumor posible adquisición parte Qualcomm así inversión firma capital.,Science and technology
menopausia poder ocasionar problema dental decir especialista sofoco sudoración nocturno ser síntoma más infame menopausia ser posible también desear prestar atención diente encía.,Science and technology
IA generativo transformar operación ingreso empresarial uso IA generativo haber crecer sector impulsar innovación facilitar nuevo forma operar organización.,Science and technology
TelevisaUnivisión sustituir Wade Davis director general empresa decidir sustituir Davis Daniel Alegre debido resultado compañía caer debajo expectativa interno.,Science and technology
Aterriza nave Soyuz misión récord EEI Moscú cápsula Soyuz transportar dos cosmonauta rusosy astronauta estadunidense Estación Espacial Internacional aterrizar Kazajstán poner fin estadía récord pareja ruso.,Science and technology
ONU formular siete recomendación regular IA ONU crear año pasado órgano consultivo 39 miembro abordar problema regulación internacional IA.,Science and technology
usar nuevo función texto Instagram nuevo herramienta texto incluir más fuente efecto así posibilidad agregar texto superpuesto publicación feed.,Science and technology
Amazon despedir home office empleado regresar oficina 2025 empresa haber permitir empleado trabajar casa pandemia haber dejar oficina casi vacío ciudad San Francisco Seattle.,Science and technology
China avanzar regulación identificar contenido hecho IA país asiático estar buscar implementar medida más duro obligatorio identificar contenido generado través Inteligencia Artificial.,Science and technology
Rappi considerar debutar Bolsa Nueva York año Rappi operar nueve país región ser considerar unicornio tecnológico valoración superar 5.000 millón dólares.,Science and technology
tiktok Departamento Justicia enfrentar tribunal EU abogado TikTok enfrentar Departamento Justicia tribunal Washington destino ley poder prohibir aplicación vídeo corto.,Science and technology
Google demandar Microsoft supuesto monopolio nube denuncia ser presentar Comisión Europea anunciar propio Google.,Science and technology
caliente pasar anunciar apuesta transmitir Champions League compañía haber entrar ‘ guerra streaming deportivo ’ captar parte nicho mercado consolidar principal negocio apuesta.,Science and technology
inconformidad justicia mexicano acreedor TV Azteca iniciar proceso Secretaría Economía informar disputa internacional México impago bono TV Azteca acumular costo 150.000 dólares concepto honorario CIADI.,Science and technology
Microsoft confíar México invertir 1.300 mdd ampliar alcance IA CEO compañía Satya Nadella   destacar capital ser mejorar capacidad nube IA región.,Science and technology
ahora usuario Uber también deber verificar identidad Uber implementar nuevo verificación identidad pasajero objetivo ofrecer mayor seguridad conductor evitar fraude plataforma.,Science and technology
Usuarios reportar alerta sísmico nunca llegar celular IFT haber asegurar hoy empresa enviaríar mensaje emergencia sismo nunca llegar Telcel asegurar alerta depender regulador.,Science and technology
openai planear reestructuración ser empresa fin lucro Este cambio representar oportunidad startup conseguir mayor financiación mantener desarrollo producto.,Science and technology
YouTube lanzar nuevo herramienta ayudarte emergencia médico través división Health plataforma video colaborar institución certificada Cruz Roja dar información situación urgencia.,Science and technology
beneficiar Altán Redes desaparición IFT eliminación IFT Ejecutivo tener facultad adjudicar directamente espectro Altán plan cierre brecha digital volver él   más competitivo AT&amp;T Telcel.,Science and technology
Altán Redes confíar gobierno Sheinbaum robustecer conectividad Carlos Lerma CEO Altán decir estar “ positivo venir próximo año ” conectividad debido provisión internet ser eje principal Claudia Sheinbaum.,Science and technology
India país querer ser potencia industria semiconductor Estados Unidos India anunciar alianza construir planta chip país gobierno Biden definir “ punto inflexión ”.,Science and technology
Meta sumar voz John Cena chatbot nuevo función audio ofrecer usuario opción seleccionar voz asistente digital.,Science and technology
Lucía García rescatar Rayadas jugadora mayor jerarquía internacional español Lucía García rescatar campeón Monterrey conseguir agónico empate 1-1 León estadio nou Camp Rayadas haber sufrir torneo Clausura 2024 Liga Mx Femenil desplazar América tercer puesto 26 unidad después 12 jornada tiempo Esmeraldas tener 12 punto.,Sports
Copa Laver equipo resto mundo tomar ventaja 8-4 Copa Laver selección Europa triunfo estadunidens Taylor Fritz imagen Frances Tiafoe alemán Alexander Zverev ruso Daniil Medvedev respectivamente ser fundamental comandado John McEnroe tomar delantera justa definir hoy campeón acumulir 13 punto Berlín.,Sports
ser longevir cuadrilátero requerir mentalidad fuerza Felino longevidad poder ser grande bondad lucha libre siempre cuid cuerpo aprenda escuchar él ”  asegurar Felino 60 año trayectoria cuatro década seguir cautivar aficionado función impresionante llave espectacular acrobacia.,Sports
récord 96 mil asistente pelea Dubois Joshua hoy Wembley Londres Daniel Dubois nuevo estrella boxeo mundial dos vez campeón orbe Anthony Joshua disputar hoy cinturón peso pesado Federación Internacional Boxeo FIB multitud récord 96 mil persona catedral futbol Wembley.,Sports
Dodgers Yanquis primero sembrado Ángeles Dodgers Ángeles Yanquis Nueva York asegurar sábado ser primero sembrado playoff dominicano José Ramírez Guardianes Cleveland colocar jonrón ingresar selecto club 40-40.,Sports
México buscar ser máximo exponente Homeless Cup luego largo viaje Corea Sur selección mexica-na futbol calle cumplir objetivo estar final Homeless World Cup estar pasó convertir él máximo exponente torneo.,Sports
abuelita lucha libre emblema aficionado fiel espectáculo deportivo interpelar público protagonista lucha libre lejos ser simple espectador ahí asistente ser actor reparto exigir piedad condenar sufrimiento conside-ran merecer más hinchada entusiasta aficionado pancracio ser elenco veces estrella representar protagonista butaca inolvidable doña Virginia Aguilera conocido abuelita lucha libre más medio siglo representar aficionado fiel apasionado.,Sports
Marlene Santos Alejo Balance jornada increíble parecer     equipo milloneta favorito Liga Mx sufrir perder estribo América Monterrey empatar duras pena Cruz Azul ganar mínimo ventaja Chivas sólo conseguir sumar frente colero emoción regalar fecha doble dar nota quejoso André Jardine timonel amarillo ivar Sisniega titular Federación Mexicana Futbol preocupado bajo entrada Estados Unidos pedir transmitir mensaje positivo apoyo selección ”.,Sports
Aseguran Guardianes descansar postemporada vencer 6-1 Rojos Cleveland Guardianes Cleveland campeón División Central Liga Americana asegurar descanso primero ronda playoff vencer 6-1 Rojos Cincinnati Lane Thomas pegar jonrón dos anotación empujar tres carrera Josh Naylor sumar par remolcada.,Sports
Raúl Jiménez entrar selecto club   tricolor 100 gol Europa haber casualidad casi increíble futbol resto vida ser parte historia Raúl Jímenez manera coincidente marcar primero tanto número 100 cancha Europa diferencia 10 año día así convertir tercer tricolor llegar centenar gol torneo viejo continente.,Sports
ser demasiado tarde ” Favre mítico ex NFL padecer Parkinson 1991 vida Brett Favre cambiar siempre mes después ser elegir atlan-ta Draft NFL entrena-doren jefe Green Bay Mike Holmgren ofrecer selección primero ronda cambio jugar equipo Halcones ver obligado aceptar anuncio acuerdo año siguiente mariscal construir carrera notable periodo más menos difícil dedicar él deporte practicar niño ser nombrar tres vez MVP ganar Supertazón 1997 ser ingresar Salón Fama confesar acto públi-co estar tres vez cen-tro especial rehabilitación adicción consumo analgésico alcohol.,Sports
leyenda pancracio regresar Coliseo Día nacional luchador hombre ocasión mujer máscaro subir ring arena Coliseo afición ovacionar no importar ser rudo técnico saber estar cuadrilátero arriesgar vida medio espectáculo más vistoso folclórico polémico deporte lucha libre Místico Octagón Atlantis leyenda disciplina ser ayer representante histórico función motivo Día nacional luchador lucha libre.,Sports
Jaime Munguía regresar grande   ganar nocaut Jaime Munguía regresar ring plan grande duro pelea canadiense Erik Bazinyan Glendale Arizona pugilista mexicano conseguir victoria vía nocaut décimo asalto luego poderoso gancho mano izquierdo ocasionar derrumbe rival Bazinyan intentar parar él recibir cuenta réferi no encontrar fuerza pierna aceptar derrota combate dejar mano tijuanense título plata peso supermediano CMB “ ser pelea fuerte pesado momento Bazinyan lastimar tener ir abriéndolo poco poco ahora querer mejor pelea siguiente año gustar enfrentar Caleb Plant Édgar Berlanga ” declarar Munguía no pelear derrota tapatío Saúl Canelo Álvarez.,Sports
,Sports
extremis Águilas rescatar   valioso empate 1-1 Necaxa gol agónico Henry Martín América rescatar valioso empate 1-1 Necaxa hilvanar tres partido conocer derrota ayer due-lo correspondiente jornada nueve torneo Apertura 2024 Liga Mx disputado estadio Victoria Aguascalientes.,Sports
choque América Pumas primero reto seguridad estadio Ciudad Deportes partido América Pumas considerado mayor riesgo ser primero reto operativo seguridad estadio Ciudad Deportes más longevo ciudad Águilas mudar manera temporal recinto remodelación Azteca todavía haber incertidumbre respecto ambiente diferencia edición ayer aún quedar poco menos mitad boleto duelo.,Sports
Norris conseguir po él   GP Singapur Checo fuera top-10 mexicano Sergio Pérez Red Bull entrar socavón arrancar des-de fondo esperanzado neumático ayudar remontar terminar lejos dos piloto disputar título mundial Fórmula 1 calificación gran Premio Singapur ubicado lugar 13 tapatío finalizar carrera poco memorable respecto rendimiento Lando Norris McLaren tricampeón mundial Max Verstappen primero segundo parrilla salida respectivamente.,Sports
finalizar   temporada Rodri Manchester Rodri mediocampista Manchester City perder resto temporada someter él ayer cirugía ligamento anterior cruzado.,Sports
Jefes continúar invicto superar 22-17 Halcones Atlanta Patrick Mahomes lanzar par pase anotación defensivo Kansas City realizar par defensa tardía mantener Jefes invicto vencer 22-17 Halcones Atlanta.,Sports
Ten Hag unir crítica saturación partido Londres técnico neerlandés Manchester United Erik ten Hag criticar sobrecarga partido ya considerar “ casi inevitable lesión grave sufrir futbolista ocurrir pasado fin semana arquero alemán Marc-André Ter Stegen Barcelona mediocampista español Rodri Manchester City.,Sports
Bravos vencer Mets acercar comodín Atlanta Bravos Atlanta hacer tarea lucha alcanzar boleto comodín postemporada Grandes Ligas ganar 5-1 Mets Nueva York quedar victoria conseguir meta.,Sports
Hermanos Gutiérrez cumplir sueño Paralímpicos París ser niño hermano Raúl Juan José Jesús Gutiérrez disfrutar jugar futbol pesar haber nacer talla bajo hacer gala mejor pase calle Irapuato tiempo soñar representar México nivel internacional.,Sports
cuadrilátero aguerrido ritual cautivar público medio crecimiento mediático industria entretenimiento lucha libre mexicano mantener identidad popular cercanir afición integrado profesionista trabajador niño incluso extranjero complementar escenario espectáculo mezclar deporte drama cultura.,Sports
Pumas femenil dejar escapar tres punto CU pese generar oportunidad gol Pumas no lograr pa-sar empate 0-0 Querétaro dejar escapar valioso punto permitierar afianzar él primero lugar clasificación general torneo Apertura 2024 Liga Mx Femenil.,Sports
Fátima Herrera miedo   hacer historia ring París 2024 surgimiento referente deporte mujer comenzar forjar nuevo talento inspira-da proeza Jackie Nava Ana María Guerrera Torres Fátima Herrera pelear llegar París 2024 hacer historia convertir él primero boxeadora mexicano conseguir victoria Juegos Olímpicos.,Sports
Filis coronar Este Nacional terminar dominio Bravos Filadelfia Filis Filadelfia ganar División Este Liga Nacional primero vez 2011 asegurar título victoria 6-2 Cachorros Chicago además terminar racha Bravos Atlanta coronar él seis temporada consecutivo división.,Sports
Jiménez plan goleador brillar triunfo Fulham Raúl Jiménez anotar nuevo Fulham Liga Premier inglés delantero mexicano 33 año abrir marcador Craven Cottage Newcastle United encaminar victoria 3-1 quinto fecha.,Sports
Dubois noquea Joshua retener cetro pesado Londres Daniel Dubois retener título pesado Federación Internacional Boxeo FIB noquear quinto asalto ex bicampeón Anthony Joshua primero defensa cinturón realizado estadio Wembley ,Sports
Tigres batallar vencer último lugar torneo duelo ser más complejo esperado Sebastián Córdova lograr dar él Tigres triunfo 1-0 sotanero Ciudad Juárez jornada nueve torneo Clausura 2024 Liga Mx victoria felino escalar segundo puesto tabla general 20 unidad dos punto diferencia líder Cruz Azul.,Sports
combate tradicional acto resistencia espectacularidad wrestling estadunidense década años 50 60 lucha libre mexicano ser célebre combate ras lona uso llave máscara multicolor convertir patrimonio cultural 80 influencia wrestling estadunidense caracterizado espectacularidad uso múltiple objeto mesa fuego silla escalera – impactar forma aficionado concebir deporte.,Sports
Tigres rescatar empate dos León ser sublíder polémico decisión arbitral Tigres rescatar empate 2-2 León gol último minuto argentino Juan Brunetta universitario valer criterio silbante Daniel Quintero Huitrón invalidar dos tanto esmeralda inclinar balanza favor igualar encuentro.,Sports
dos olímpico conquistar   Zúrich campeón olímpico Remco Evenepoel imagen Grace Brown conquistar ayer prueba contrarreloj Mundial Ciclismo celebrar Suiza Brown australiana 32 año proclamar campeona mundo primero vez quedar segundo último dos año Evenepoel revalidar título 46.1 kilómetro Zúrich tiempo 53 minuto 2 segundo belga 24 año competir carrera ruta domingo.,Sports
Gobierno CDMX premiar más millar atleta local más millar atleta capitalino ser premiar ayer participación Juegos Nacionales Conade.,Sports
Tuzos salir crisis derrotar Puebla visita Pachuca reordenar pieza rompecabeza victoria fecha anterior Tuzos volver ganar Liga Mx imponer él 3-2 Puebla estadio Cuauhtémoc mucho tener ver debilidad defensivo Franja más contundencia delantero Salomón Rondón Nelson Deossa ser figura ataque.,Sports
Lando Norris superar Verstappen gran Premio Singapur Singapur lar Norris sortear par susto muro ganar contundencia gran Premio Singapur apenas poder recortar siete punto diferencia Max Verstappen líder campeonato Fórmula Uno resultado mexicano Sergio Pérez ser completamente inesperado terminar décimo lugar dificultad rebasar llevar último punto repartir carrera.,Sports
Pumas sufrir más rescatar victoria 1-0 Xolos Pumas sufrir más rescatar domingo importante triunfo 1-0 Xolos Tijuana resultado catapultar zona liguilla duelo correspondiente jornada nueve torneo Apertura 2024 Liga Mx efectuado estadio Olímpico Universitario.,Sports
Haaland marcar gol 100 empate City Erling Haaland marcar gol 100 Manchester City delantero comparado androide más número ser historia puro noruego poner adelante equipo Arsenal quedar 10 jugador también inspirar empate 2-2 último minuto John Stones encargar sentenciar.,Sports
América   no estar   formar jugador decir Jardine ser América club menos minuto haber dar juvenil timonel plantel André Jardine mostrar contra regla menor tener intención impulsar joven talento señalar prioridad Liga Mx ser ganar torneo no formación jugador beneficio selección México.,Sports
Alcaraz dar triunfo decisivo Europa campeón Copa Laver París Europa conquistar ayer Copa Laver tenis combinado resto mundo gracias victoria español Carlos Alcaraz Taylor Fritz último duelo single.,Sports
Dallas esperanza frustración Lamar Jackson Baltimore resistir intento remontado Dallas llegar tarde dos anotación estelar mariscal campo Cuervos derrotar 28-25 Vaqueros encuentro marcado suspenso minuto final.,Sports
Toro finalizar sexto prueba ruta Mundial juvenil Isaac Toro vez acercar más perfección seguir acrecentar legado ahora mexicano culminar sexto lugar prueba ruta Sub-23 Mundial Ciclismo Zúrich Suiza después extraordinario actuación sólo errar bajar ritmo tramo final aún quedar cerca medalla imponer mejor tiempo tricolor carrera.&#160;,Sports
Cruz Azul intratable vence 1-0 Chivas afianza superliderato haber partido marcir agenda Cruz Azul después clásico joven América rivalidad Guadalajara tener valor especial peso escenario importante Máquina volver cantar victoria estadio Ciudad Deportes 1-0 mantener él único líder Liga Mx seguir carrera campeonato.,Sports
México perder penal leyenda FIFA plantel repleto figura época equipo leyenda FIFA Monterrey protagonizar partido exhibición congregar mil persona estadio BBVA actual casa Rayados sed México Copa Mundo 2026 Andrea pir él Dwayne Rosario Youri Djorkaeff marcar internacional ex seleccionado tricolor Luis Hernández Miguel Layún Jorge Campos lograr empate tres ya penal representante FIFA imponer 5-4 dar inactividad participante retiro profesional organizador ajustar dimensión terreno juego leyenda FIFA estar arquero Gianluigi Buffon Alessandro Piero Didier Drogba Carles Puyol Xavi Hernández Diego Forlán México destacar Oribe Peralta Luis Hernádez Jorge Campos Guillermo Franco Paul Aguilar técnico Bora Milutinovic.,Sports
Liga Mexicana Beisbol elegir    Trevor Bauer pitcher año Trevor Bauer ser coleccionista galardón lanzador Diablos Rojos México campeón juegos ganado ponche pasado temporada ser elegir pitcher año Liga Mexicana Beisbol LMB.,Sports
salir bache natación ser imposible modelo actual Liliana Ibáñez sistema deportivo mexicano mantener obsoleto lucha ego autoridad no detener ser imposible natación salir bache encontrar hacer década Liliana Ibáñez más experimentada disciplina levantar voz profundo crisis prevalecer país.,Sports
ir conciencia tranquilo arrepentimiento Ana Guevara Convencida cumplir deber pesar crítica afrontar llegada cargo 2018 Ana Guevara asegurar ayer dejar dirección Comisión Nacional Cultura Física Deporte Conade arrepentimiento conciencia tranquilo seguro no gozar sobreprotección administración.,Sports
Verstappen castigar   lenguaje grosero ” Norris liderar práctico Max Verstappen caer nuevo espiral error perseguir Red Bull jornada ensayo libre gran Premio Singapur tricampeón mundial Fórmula 1 lograr cuarto mejor tiempo primero ronda luego ser lugar 15 quejar él falta adherencia goma quedar 1.2 segundo líder Lando Norris McLaren brillar circuito urbano Mari-na Bay delante monegasco Charles Leclerc Carlos Sainz Ferrari mexicano Sergio Pérez ubicar octavo puesto.,Sports
Tercer cuadrangular   mexicano Jonathan   Aranda Tampa Bay St Petersburgo mexicano Jonathan Aranda pegar cuadrangular tercer partido consecutivo Rays Tampa Bay vencer 4-3 Azulejos completar barrida serie tres juego.,Sports
Cruz Azul líder arrollador remonto imponer Pachuca Hidalgo líder Cruz Azul aparecer tarde estadio Hidalgo más 40 minuto jugar equipo errático irreconocible ser abajo dos gol marcador vez funcionar plan partido grado dificultad siempre expulsión incluido Sergio Damián Barreto fuerte entrada Luis Romo Máquina venir atrás ganar 4-2 mantener él cima Liga Mx.,Sports
debajo máscara estar rostro abogado comerciante tortero José Orlando Regalado Alonso ser conocer arena Rey Destroyer lucha Black Spider Jr 2 marzo Monterrey regiomontano fallecer 22 año caída ocasionar severo daño cerebral 10 día estar internado luchador Park Silver Star Latin Lover recaudar fondo ayudar familia debido haber problema pago atención médico ser más reciente muerte tener lamentar deporte no ser cansancio dolor único poder detener gladiador enmascarado ser lesión fulminante modo vida estar relacionado riesgo.,Sports
,Sports
Toro finalizar lugar 12 Mundial Ciclismo pedalista mexicano Isaac Toro ubicar lugar 12 prueba contrarreloj categoría Sub 23 Mundial Ciclismo Ruta disputar Zurich.,Sports
Nadal volver competir liderar España final Copa Davis París leyenda tenis Rafael Nadal junto número tres mundial Carlos Alcaraz liderar España Final 8 Copa Davis anunciar equipo capitaneado David Ferrer torneo disputar 19 24 noviembre Málaga.,Sports
,Sports
Ohtani desato euforio   prensa japonés proeza Shohei Ohtani convertir primero pelotero Grandes Ligas 50 jonrón 50 base robado temporada ser celebrar edición extra periódico aficio-nado leyerar camino trabajo viernes Japón.,Sports
terror erotismo eje volumen 2 Narrativa Hispanoamericana cuento terror erotismo “ Voraz ” acto estelar ” escritora mexicano Mon M. Silva aparecer antología Nueva Narrativa Hispanoamericana Relatos Contemporáneos Volumen 2 reúnir destacado autor país hispanohablant.,Culture
ó Instrucciones salir agua desmontar mito Ofelia mirada feminista “ ser no ser ”  escuchar escena famoso frase no pronuncia Hamlet mujer cuestionar opción ser morir dormir tal vez soñar tratar propuesta escénico Ó Instrucciones salir agua conjuga teatro físico danza repensar personaje shakesperiano Ofelia mirada moderno feminista María Fernanda Baez interpretar unipersonal iniciar temporada teatro Milagro.,Culture
“ feminismo devolver dignidad existencia arte también ” Sofía Weidner “ no prometer salir alegr mente tranquilo exposición no querer generar arte causar comodidad ” confesar Sofía Weidner inauguración Musas negro Museo Ciudad México emoción triste dolorosa furiosa estar plasmada obra hoy trascender ser ver público significar cobijo abandono soledad sueño cumplido así feminismo devolver dignidad existencia arte también ” declarar creadora.,Culture
Fotografiar ser pretexto buscar yo Graciela Iturbide Arropada largo ovación fotógrafa Graciela Iturbide recibir Medalla Bellas Artes Oro 2024 Artes Visuales otorgar Instituto Nacional Bellas Artes Literatura Inbal icónica imagen conjuguir documental poético formar parte esencial acervo gráfico contemporáneo México.,Culture
Pablo Espinosa creatura habitar Bellas Artes luz hora devora.,Culture
Yuriria Iturriaga No sólo pan sorprender categoría ser ajeno mayoría persona haber rodear vida decenio sorpresa no ser sólo sentir diferenciar compatriota mexicano caso repentina nostalgia paladar olfato tacto intrabucal infinito mundo pan pastel casualidad pertenecer mundo trigo es decir glutar atacar oriental mesoamericano viejo cepa no note…,Culture
Espartaco Martínez trasladar libro obra Sutra corazón bailarín coreógrafo butoh Espartaco Martínez haber interpretar ocasión obra Sutra corazón experiencia sensorial torno condición humano necesidad liberación emocional presentar hoy libro vestíbulo Casa Miguel Alemán Complejo Cultural Pinos Chapultepec enseñanza relacionado volver origen vida.,Culture
Raúl Pineda sacar luz oscuridad dolor tragedia atravesar país Traer luz oscuridad ser labor artista Raúl Pineda don memoria fotográfico excesivo persistencia técnica antiguo grabado mezzotinta retrata horror desencajado violencia México.,Culture
Brasil Brasil ! revelar visión vibrante Modernismo Berna exposición Brasil ! Brasil The Birth of Modernism Brasil Brasil nacimiento Modernismo0 inaugurado Zentrum Paul Klee ofrecer visión vibrante movimiento artístico país sudamericano largo obra 10 artista cinco autodidacta poco conocido internacionalmente 130 obra expuesto haber salir Brasil primero vez muestra coincidir temáticamente Bienal Venecia más mitad artista aquí presente también participar.,Culture
Vilma Fuentes Entusiasmo melancolía encuentro deportivo Juegos Olímpicos Copa Mundial futbol provocar amplio movimiento entusiasmo envidiar político estrella cine detener segundo observar aumento pasión suscitar medida desarrollar poder sentir curiosidad causa.,Culture
entusiasta asistente OSM festejar Islas CU 114 año UNAM rugido puma resonar volumen sábado Islas Ciudad Universitaria CU Universidad Nacional Autónoma México UNAM celebrar 114 aniversario concierto memorable cargo Orquesta Sinfónica Minería OSM.,Culture
López Obrador inaugurar Veracruz Centro Cultural Leyes Reforma Veracruz Ver presidente Andrés Manuel López Obrador inaugurar ayer puerto Veracruz Centro Cultural Leyes Reforma realizar recorrido recién rehabilitado Casa Benito Juárez espacio abrir puerta visitante partir noviembre buscar generar reflexión ley más importante publicado siglo xix.,Culture
develacer AMLO estatuo Catarino Garza Rodríguez próximo lunes presidente Andrés Manuel López Obrador inaugurar estatua honor revolucionario Catarino Garza Rodríguez precursor alzamiento revolucionario dictadura Porfirio Díaz video definir Garza Rodríguez “ idealista soñador guardar circunstancia similar Ernesto Che Guevara”,Culture
obra Nombres combate reúnir foro Gruta historia vida resistencia haber historia merecer ser contar no sólo resultar dolorosa heroico “ ser testimonio vida cariño resistencia ” afirmar Martín López Brie dramaturgo director Nombres combate obra documental presentar partir hoy foro Gruta haber enfrentar dificultad propio pandemia.,Culture
redescubrir opinión Rosario Castellanos política feminismo texto periodístico Rosario Castellanos 1925-1974 compilado libro Mujer palabra artículo rescatado mostrar “ desarrollo voz forma ganar confianza escritora ” incluir ensayo expresar manera fuerte opinión política feminismo explicar editora Andrea H. Reyes reunir escrito poeta diplomático.,Culture
“ quedar corto hablar significar Jornada México ” hacer poco más 40 año haber más periodismo decir él manera además grande diario estar Figaro Cine Mundial Redondel segundo Ovaciones últimas Noticias Extra hoy ser cochinado ser difusor noticia no noticia estar lado panorama importante ser existir Jornada dar lugar lector.,Culture
Vilma Fuentes buen día Jacques 1936-2024 Jacques Bellefroid morir mañana 20 septiembre 2024 escribir frase poco más 24 hora después suceder escándalo indecible fecha confundir día no cesar girar ruleta hora repetir infinito siempre siempre muerte Jacques vida amor no comprendo poder seguir vivo estar muerto menos ser decir decir Tania ayer inicio tarde asoleado aquí hospital Charles Foix afuera París estar hospitalizado seguir vivo ya haber ir aquí no saber poder encontrar tú nuevo infinito inmensidad haber ir Búscame pedir busques sólo poder encontrar yo laberinto túnel pasaje muro puerta señal sentido.,Culture
Anahit María salir gran Bretaña Armenia exhibición Diosa Madre Anahit María realizado originalmente Museo Británico ser prestar manera exclusivo seis mes Museo Historia Armenia ubicado ciudad Yerevan muestra ser reflexión papel femenino materno deidad variado cultura imagen cabeza estatua bronce diós Anahit perteneciente cultura perso datar siglo antes Cristo.,Culture
David Rothenberg   revelar universo sonoro estanque Jardín Botánico música no ser prodigio exclusivo ser humano compositor estadunidense David Rothenberg haber enfocar parte quehacer académico investigar musicalidad animal entorno natural.,Culture
Manuel Ahumada dibujante demasiado viejo punk mucho joven morir ” ser demasiado viejo punk mucho joven morir ” decir Manuel Ahumada 1956-2014 Gonzalo Rocha ambos monero colaborador Jornada día elevar más ahora mirar cosmo acompañado dios azteca ángel astronauta Apolo 11 ” agregar referencia día aquél fallecer personaje ser frecuente imaginario obra.,Culture
Ricardo Yáñez Isocronías siete escritora haber reunir Minerva Aguilar Temoltzin autora Vuelo letras libro nacido recital homónimo ofrecido escritora tlaxcalteca organizado Asociación Escritores México decir Obed González director Literatura Feria Internacional Libro Coyoacán auspiciadoro volumen ánimo representativo considerar lírica voz femenino – ser posible palpar ser lenguaje ser flexible constante transformación ” vayar sucintamente poeta nacido años 50 80:,Culture
UNAM celebrar 60 año fundación Archivo Histórico Universidad Nacional Autónoma México UNAM celebrar ayer 60 aniversario fundación Archivo Histórico además inaugurar exposición Archivo Histórico UNAM ayer hoy.,Culture
CASA celebrar taller creativo tamal Día Nacional Maíz Nativo Oaxaca Oax celebrar Día Nacional Maíz Nativo conmemorar hoy Asociación Civil Francisco Toledo realizar colaboración Fundación Alfredo Harp Helú Oaxaca Fahho actividad espacio fundado artista juchiteco 1940-2019 luchar defensa grano escala estatal nacional.,Culture
Regresa vivo Met Nueva York Auditorio Nacional ocho título temporada 2024-2025 programa vivo Met Nueva York transmitir 5 octubre 31 mayo pantalla gigante Auditorio Nacional seguir fiel misión Metropolitan Opera House presentar ópera “ más famoso popular ” mejor elenco posible así ofrecer producción nuevo sólo así avanzar forma arte ” expresar Peter Gelb gerente general Met.,Culture
Elena Poniatowska Grito madrugada 16 septiembre 1810 “ Grito Independencia ” historia dar cura Miguel Hidalgo Costilla pueblo Dolores Guanajuato rasgó cielo hacer estallarar movimiento Independencia.,Culture
morir Fredric Jameson crítico capitalismo   referente marxismo EU Fredric Jameson 1934 crítico teórico catedrático literario estadunidense fallecer domingo 90 año informar editorial Verso Libros red social.,Culture
Javier Aranda Luna Kundera novela desafío rebeldía 8 diciembre 1968 año recurrente historia mundo cuatro amigo embarcar expedición extraordinario Praga.,Culture
promover Inbal literatura independiente Centro Creación Literaria Xavier Villaurrutia sede Coordinación Nacional Literatura Instituto Nacional Bellas Artes Literatural Inbal abrir puerta sábado Mercadito Literario Independiente.,Culture
Dialoga Dalí Divina Comedia Cáceres Fundación Mercedes Calles Carlos Ballestero FMCCB presentar nuevo exposición sede Plaza San Jorge Cáceres titulado “ Dalí Divina Comedia ” compuesto centenar grabado colección genio surrealista plasmar interpretación Divina Comedia Dante Alighieri.,Culture
Angélica Azuara recomendar Jornada trinchera puesto periódico Angélica Azuara puesto periódico trabajar hacer 15 año ser también trinchera haber tocar “ evadir recibir dardo censura sexenio anterior así ment panista cerrado hoy día ”.,Culture
Secretario Arte Cultura Morena rendir informe actividad Secretario Arte Cultura Comité Ejecutivo Nacional CEN Morena Tomás Pliego Calvo indicar medio participación 22 comisión estatal arte cultura artista creador promotor gestor cultural colectivo cooperativo organizado partir plan acción secretaría “ realizar tarea actividad defensa Cuarta Transformación 4 T promover cultura incluyente equitativo luchar lucha clasismo racismo machismo fascismo ”.,Culture
inmueble patrimonial ser testigo permanente   transición histórico Veracruz Ver recinto Casa Benito Juárez Centro Cultural Leyes Reforma Centro Histórico puerto Veracruz inaugurado fin semana gobierno federal estar abierto público partir noviembre buscar promover conocimiento periodo histórico Reforma importancia legado cívico sociedad actual.,Culture
sexenio ser repatriar 14 mil 48 pieza destacar mañanera último conferencia mañanero presidencial funcionario presentar balance acción recuperación memoria histórico preservación patrimonio cultural destacar repatriación 14 mil 48 pieza extranjero.,Culture
Inauguran Museo Vivo Muralismo pasado cambio gobierno vivir ruptura ” “ saber ” decir presidenta electa Claudia Sheinbaum sonrisa ocasión ser inauguración Museo Vivo Muralismo MVM edificio histórico Secretaría Educación Pública SEP.,Culture
Lun representar escena magia infancia enigma existencia magia infancia enigma existencia riesgo pérdida memoria entrelazar Lun propuesta escénico llegar Teatro Artes Centro Nacional Artes Cenart partir fin semana.,Culture
Chapultepec estar listo atender presente enfrentar futuro Orozco Bosque Chapultepec estar listo atender presente encarar futuro asegurar Jornada artista veracruzano Gabriel Orozco concluir labor coordinador proyecto Chapultepec Naturaleza Cultura cuarto sección ya remodelado inaugurar hacer día.,Culture
conclusión proyecto Naturaleza Cultura ser prioridad gobierno entrante ” proyecto Chapultepec Naturaleza Cultura no haber dar concluido mantener prioritario próximo gobierno federal afirmar subsecretaria Desarrollo Cultural Secretaría Cultura federal SC Marina Núñez Bespalova.,Culture
exhibir Veracruz obra exiliado español triunfo espiga 85 año exilio español exposición honrar memoria exiliado español México celebrar valioso legado cultural presentar Galería Ramón Alva Canal Xalapa Veracruz.&#160;,Culture
Hermann Bellinghausen Stravinski vendedora disco segundo parte     años 40 siglo xx Ciudad México deber ser tranquila optimista promisorio cielo azul limpio sorprender ser normal siempre ciudad lago finalmente derrotado futuro allí hacer familia venido menos parecido salir película Soler Pedro Infante Joaquín Pardavé conformar seis varón cuatro hembra tono época primero ser debilidad madre derecho hombre sagrado contar alcohólico vividor perezoso odiar ser mexicano menor edad único estudiar carrera tener obligación aportar casa querer pasar dificultad financiero siempre estar arrancado ” tampoco mamá gustar trabajo papá hacer mala ganar no ver hora ir caza escuchar ópera música clásico amigo pronto comenzar recibir pensión burócrata.,Culture
Emilio Payán Litógrafa Popular artista grabador Joel Rendón 1967 impresor Fernando Riquelme 1990 fundar hacer dos mes Litógrafa Popular taller reunión diálogo intercambio experiencia conservar tradición técnica México proyecto rendir homenaje madre tierro considerar piedra litográfico matriz creador estrecho conexión tierra vida Litógrafa Popular surgir objetivo conservar estética estampa gráfica popular cargado identidad sentido social.,Culture
